{"cameraMode":{"drawMode":0,"name":"Shaded","section":"Shading Mode"},"sceneLighting":true,"audioPlay":false,"sceneViewState":{"showFog":true,"showMaterialUpdate":false,"showSkybox":true,"showFlares":true,"showImageEffects":true,"showParticleSystems":true},"in2DMode":false,"pivot":{"x":-0.8000317811965942,"y":-0.4684581756591797,"z":-0.14059633016586305},"rotation":{"x":-0.23950859904289246,"y":-0.18163232505321504,"z":0.04568921774625778,"w":-0.9526583552360535},"size":11.800803184509278,"orthographic":true}