{"cameraMode":{"drawMode":0,"name":"Shaded","section":"Shading Mode"},"sceneLighting":true,"audioPlay":false,"sceneViewState":{"showFog":true,"showMaterialUpdate":false,"showSkybox":true,"showFlares":true,"showImageEffects":true,"showParticleSystems":true},"in2DMode":false,"pivot":{"x":0.2542572021484375,"y":0.4808349609375,"z":-0.1186981201171875},"rotation":{"x":-0.02136087231338024,"y":0.7567182183265686,"z":-0.6529229879379273,"w":-0.024756038561463357},"size":1.2059478759765626,"orthographic":true}